image_id,MOS,Brightness,Colorfulness,Contrast,Noisiness,Sharpness
10001.jpg,6.1,4.21,6.16,6.07,7.24,6.68
10002.jpg,6.12,5.26,6.08,5.61,7.08,5.94
10003.jpg,4.06,3.92,4.94,4.66,2.63,3.28
10004.jpg,3.47,6.22,5.75,5.74,3.97,2.08
10005.jpg,2.18,4.79,4.68,4.08,5.04,0.91
10006.jpg,5.18,4.15,5.17,4.51,5.04,4.5
10007.jpg,8.45,7.82,8.55,8.42,8.57,8.16
10008.jpg,6.17,4.08,6.3,4.66,5.87,6.03
10009.jpg,5.98,6.2,6.43,6.1,6.16,5.68
10010.jpg,3.32,5.36,5.11,4.5,3.9,1.86
10011.jpg,7.43,7.55,7.75,7.88,7.21,6.38
10012.jpg,6.86,5.45,6.2,5.88,6.62,7.53
10013.jpg,8.13,7.74,7.98,8.04,8.43,7.92
10014.jpg,8.33,7.87,8.28,8.32,8.18,8.52
10015.jpg,6.24,4.82,6.07,6.18,6.28,6.81
10016.jpg,6.91,5.98,7.41,7.19,7.23,7.34
10017.jpg,4.96,4.13,4.75,4.34,5.66,4.84
10018.jpg,7.71,7.37,7.74,7.89,7.88,8.35
10019.jpg,2.91,5.92,5.57,5.38,3.4,1.02
10020.jpg,8.76,8.63,8.83,8.82,8.68,8.67
10021.jpg,4.08,5.75,5.98,5.87,6.15,1.63
10022.jpg,6.92,5.95,7.18,7.38,6.93,7.17
10023.jpg,4.52,4.76,5.28,5.28,4.52,3.66
10024.jpg,2.54,6.45,6.03,4.57,5.23,0.65
10025.jpg,2.7,6.28,6.52,5.52,5.31,0.87
10026.jpg,2.76,6.22,5.72,4.83,5.05,0.9
10027.jpg,2.08,1.88,2.51,2.35,2.9,0.97
10028.jpg,7.79,7.48,7.75,7.72,8.02,8.04
10029.jpg,7.93,7.9,8.1,8.2,8.32,7.82
10030.jpg,3.25,6.22,5.59,5.12,5.06,1.27
10031.jpg,5.03,3.01,3.55,4.24,6.97,6.11
10032.jpg,0.48,0.74,0.92,0.78,1.18,0.6
10033.jpg,2.2,4.51,4.36,3.89,3.63,0.92
10034.jpg,8.98,8.68,8.72,8.68,8.87,8.7
10035.jpg,8.83,8.84,8.98,8.79,9.01,8.82
10036.jpg,8.56,7.29,8.75,8.3,8.72,8.93
10037.jpg,3.99,5.21,5.62,5.27,4.62,1.99
10038.jpg,3.09,5.5,5.51,4.99,5.22,1.26
10039.jpg,3.13,4.92,5.39,4.88,4.91,1.22
10040.jpg,3.08,4.94,4.95,4.48,4.52,1.13
10041.jpg,7.37,7.67,8.15,7.63,7.51,8.07
10042.jpg,7.69,7.27,7.58,7.98,7.71,7.55
10043.jpg,2.45,2.33,2.08,2.06,3.41,1.72
10044.jpg,3.34,7.06,6.77,6.02,5.5,1.16
10045.jpg,4.4,3.39,4.62,4.3,5.4,3.91
10046.jpg,2.69,4.2,3.52,3.44,3.18,1.35
10047.jpg,5.52,3.56,5.54,4.89,7.08,6.74
10048.jpg,3.38,4.64,4.42,4.65,5.45,1.71
10049.jpg,2.05,2.29,3.1,3.02,2.36,1.32
10050.jpg,2.6,5.12,4.93,4.46,5.01,1.07
10051.jpg,7.68,6.92,7.84,7.69,8.32,8.44
10052.jpg,8.72,8.1,8.64,8.65,8.78,8.92
10053.jpg,6.94,5.92,6.63,6.99,7.28,7.95
10054.jpg,5.85,7.06,6.85,7.46,5.38,5.39
10055.jpg,4.15,4.68,5.13,5.22,4.84,2.33
10056.jpg,7.32,7.52,7.98,7.45,7.3,7.03
10057.jpg,7.53,7.91,8.03,7.82,8.07,7.48
10058.jpg,2.62,4.8,4.41,3.65,4.12,0.88
10059.jpg,2.75,5.52,4.81,4.27,4.49,1.49
10060.jpg,3.68,6.2,6.0,5.22,4.68,1.73
10061.jpg,3.12,5.67,5.93,4.89,4.5,1.26
10062.jpg,2.61,5.21,5.77,5.08,4.61,1.06
10063.jpg,3.22,6.17,6.36,5.63,4.63,1.61
10064.jpg,8.55,8.22,8.58,8.5,8.92,8.62
10065.jpg,7.85,7.08,8.08,7.91,8.74,8.74
10066.jpg,6.29,4.73,6.7,6.2,7.48,7.45
10067.jpg,6.9,6.64,7.6,7.11,8.19,7.57
10068.jpg,7.62,7.3,7.5,7.28,7.68,7.68
10069.jpg,3.41,7.21,6.05,5.69,5.37,1.37
10070.jpg,8.54,8.87,8.62,8.86,8.84,8.59
10071.jpg,2.56,7.38,6.88,5.9,5.85,1.13
10072.jpg,5.7,4.12,5.72,4.89,6.44,6.15
10073.jpg,3.21,6.05,6.42,5.72,5.89,1.57
10074.jpg,2.4,5.67,6.16,5.32,5.56,1.2
10075.jpg,1.41,4.97,4.81,3.21,3.52,0.35
10076.jpg,5.09,5.97,6.69,6.44,6.22,5.13
10077.jpg,5.1,5.54,5.14,5.27,5.38,5.11
10078.jpg,2.23,6.11,6.61,5.86,6.27,1.37
10079.jpg,5.34,5.14,4.26,5.59,6.63,5.49
10080.jpg,7.27,6.74,7.29,7.27,7.72,7.39
10081.jpg,8.28,7.28,7.31,7.1,7.49,7.69
10082.jpg,4.3,5.86,5.71,5.44,3.39,2.97
10083.jpg,1.61,3.88,4.97,3.64,2.79,0.93
10084.jpg,3.54,5.84,5.86,5.34,2.66,1.51
10085.jpg,6.69,5.1,6.82,6.02,7.19,7.6
10086.jpg,2.71,6.7,6.12,5.78,4.2,1.61
10087.jpg,4.06,5.88,5.78,5.42,3.48,4.09
10088.jpg,3.26,6.6,7.36,6.41,4.11,1.45
10089.jpg,4.88,7.2,7.08,6.81,4.46,3.89
10090.jpg,7.75,7.61,8.09,7.58,7.54,7.33
10091.jpg,6.92,7.44,7.71,7.32,6.91,6.91
10092.jpg,7.31,7.3,7.14,7.15,7.93,7.19
10093.jpg,1.96,4.32,5.14,4.76,2.48,0.99
10094.jpg,4.18,6.66,6.26,6.1,3.6,3.09
10095.jpg,3.79,4.39,6.14,5.16,2.74,2.29
10096.jpg,8.1,7.71,8.04,8.04,8.43,7.87
10097.jpg,4.09,4.65,5.56,5.41,3.5,2.29
10098.jpg,3.37,6.21,6.28,6.12,3.96,1.69
10099.jpg,6.64,6.89,7.5,7.4,5.39,5.86
10100.jpg,5.96,5.51,6.31,5.82,6.08,5.7
10101.jpg,8.46,7.41,8.29,7.22,7.36,8.12
10102.jpg,6.61,7.22,6.78,7.4,5.95,5.77
10103.jpg,2.05,1.9,3.4,2.12,3.91,3.11
10104.jpg,2.66,6.21,5.95,5.71,4.51,0.55
10105.jpg,1.75,6.04,5.85,5.6,3.28,0.43
10106.jpg,6.64,4.56,6.85,5.86,7.32,8.03
10107.jpg,3.95,5.2,6.35,5.86,3.44,2.81
10108.jpg,7.29,6.84,7.35,7.1,5.48,6.21
10109.jpg,3.61,6.0,6.38,6.06,3.89,1.73
10110.jpg,5.45,6.86,7.16,7.01,3.91,3.76
10111.jpg,2.59,4.89,4.29,5.58,3.19,1.39
10112.jpg,4.03,7.11,7.06,6.38,4.35,1.71
10113.jpg,8.74,8.24,8.28,8.32,8.74,8.44
10114.jpg,4.85,7.18,6.95,6.62,3.6,4.27
10115.jpg,4.29,5.54,6.21,6.2,3.26,2.39
10116.jpg,4.94,6.12,5.38,5.78,4.85,3.7
10117.jpg,8.25,7.61,8.87,8.7,9.09,8.14
10118.jpg,8.57,8.03,9.0,8.17,8.93,8.5
10119.jpg,7.94,7.3,7.52,7.21,7.36,7.71
10120.jpg,4.24,6.09,6.15,6.12,4.3,2.1
10121.jpg,6.08,6.42,6.41,6.7,4.91,5.0
10122.jpg,5.05,6.04,6.09,5.42,3.21,4.23
10123.jpg,8.12,8.38,8.51,8.09,8.3,8.16
10124.jpg,6.55,6.3,7.38,7.0,7.2,8.2
10125.jpg,7.26,8.1,7.84,7.16,6.85,7.55
10126.jpg,3.72,1.98,5.04,2.43,6.28,7.1
10127.jpg,2.12,1.58,3.23,2.08,2.6,3.1
10128.jpg,7.81,8.67,7.92,8.02,8.09,8.04
10129.jpg,2.66,1.5,2.93,2.35,4.11,1.97
10130.jpg,5.59,6.68,6.48,6.12,5.0,4.93
10131.jpg,2.74,6.12,5.51,5.79,3.11,1.31
10132.jpg,2.54,6.16,6.1,5.66,3.54,1.1
10133.jpg,3.01,6.52,6.91,6.12,3.9,1.73
10134.jpg,0.65,4.47,3.68,3.6,0.8,0.2
10135.jpg,7.97,6.94,7.74,7.2,7.06,7.21
10136.jpg,5.41,6.69,6.46,6.38,3.85,5.06
10137.jpg,5.82,6.04,7.11,5.79,4.85,6.02
10138.jpg,5.19,4.4,5.5,4.78,5.54,6.39
10139.jpg,3.94,6.26,6.18,5.4,4.21,1.69
10140.jpg,8.04,7.61,7.81,7.71,8.25,7.78
10141.jpg,8.51,8.3,8.51,8.99,7.8,8.8
10142.jpg,5.06,6.54,7.04,7.1,4.53,3.6
10143.jpg,8.59,7.5,8.49,8.44,8.04,7.6
10144.jpg,4.97,4.4,5.75,5.38,3.72,5.33
10145.jpg,7.69,7.59,7.7,8.21,6.94,8.04
10146.jpg,8.32,8.12,8.65,6.97,7.97,8.07
10147.jpg,5.16,6.25,6.25,5.55,3.42,4.93
10148.jpg,6.64,7.26,7.7,7.28,6.46,5.47
10149.jpg,5.74,6.24,6.15,6.88,5.81,4.29
10150.jpg,7.65,8.14,7.71,7.6,7.99,8.48
10151.jpg,3.68,4.09,4.59,4.72,4.25,2.94
10152.jpg,3.48,5.95,6.09,5.94,3.41,1.7
10153.jpg,4.79,4.04,6.11,4.66,5.64,6.16
10154.jpg,4.14,6.09,6.12,6.19,3.91,2.16
10155.jpg,6.69,7.08,7.85,7.51,6.39,7.11
10156.jpg,6.64,7.26,7.21,8.24,6.71,6.5
10157.jpg,7.61,7.91,7.96,7.62,6.6,6.63
10158.jpg,3.08,2.4,3.76,3.12,5.15,4.26
10159.jpg,2.46,1.56,3.21,3.42,5.16,4.26
10160.jpg,5.74,6.54,6.16,6.18,4.99,4.66
10161.jpg,2.34,1.89,2.73,2.36,4.15,2.24
10162.jpg,2.43,5.07,6.08,5.01,3.57,0.95
10163.jpg,6.89,5.43,6.0,6.51,6.63,6.91
10164.jpg,5.81,5.47,6.4,6.27,6.27,4.94
10165.jpg,8.06,7.5,8.35,7.67,8.01,8.19
10166.jpg,1.52,1.93,3.7,2.1,3.14,0.67
10167.jpg,2.69,3.43,6.12,4.17,4.06,0.94
10168.jpg,5.71,5.07,6.12,6.04,4.47,5.49
10169.jpg,1.89,1.04,1.12,1.0,5.34,2.9
10170.jpg,7.56,7.52,7.48,7.13,6.81,7.1
10171.jpg,8.11,6.98,7.98,7.66,7.03,7.93
10172.jpg,1.69,2.77,4.0,4.01,4.03,1.14
10173.jpg,1.64,4.98,5.78,5.41,3.61,0.88
10174.jpg,3.81,4.98,6.45,5.53,3.31,3.81
10175.jpg,7.91,6.28,8.03,7.94,7.86,8.16
10176.jpg,7.91,7.42,7.6,7.93,6.86,8.1
10177.jpg,8.55,6.47,7.93,7.79,8.16,8.01
10178.jpg,5.5,6.85,7.33,7.57,6.76,3.56
10179.jpg,3.94,5.27,5.87,5.36,3.77,1.96
10180.jpg,7.06,4.95,6.57,6.51,6.49,7.46
10181.jpg,2.42,2.08,3.27,2.23,5.1,4.34
10182.jpg,2.54,6.52,5.93,6.21,5.01,1.1
10183.jpg,3.64,2.72,2.75,2.74,5.5,5.13
10184.jpg,5.66,5.63,6.3,5.97,5.87,4.64
10185.jpg,1.51,4.33,5.18,4.96,5.07,0.9
10186.jpg,8.37,7.75,8.25,7.86,7.74,8.5
10187.jpg,7.91,6.6,8.34,7.77,7.44,7.9
10188.jpg,8.59,8.47,8.38,8.64,7.4,8.26
10189.jpg,5.14,2.86,4.37,4.13,6.29,6.27
10190.jpg,5.43,4.13,5.33,5.11,6.99,6.49
10191.jpg,2.43,2.36,2.45,3.23,5.0,4.77
10192.jpg,7.44,6.5,6.82,7.56,7.23,7.16
10193.jpg,6.0,7.22,7.95,7.16,7.6,4.47
10194.jpg,2.1,5.4,5.95,5.73,5.29,0.55
10195.jpg,1.09,1.82,2.92,2.06,2.91,0.73
10196.jpg,2.97,6.2,6.62,5.89,4.87,1.33
10197.jpg,4.87,3.83,4.12,4.5,6.03,6.11
10198.jpg,3.26,4.17,5.65,5.69,6.13,3.11
10199.jpg,7.36,7.63,7.68,8.17,7.13,7.49
10200.jpg,3.39,4.95,6.73,5.74,5.93,2.63
10201.jpg,3.0,6.6,7.37,6.26,6.03,0.93
10202.jpg,5.33,3.8,4.4,4.7,6.07,5.61
10203.jpg,6.14,4.63,6.45,5.93,7.84,6.7
10204.jpg,2.07,1.4,2.25,2.08,4.07,2.06
10205.jpg,1.76,5.92,4.47,5.73,4.83,0.79
10206.jpg,2.31,4.18,4.08,4.57,4.14,0.87
10207.jpg,8.51,7.55,8.53,8.11,8.24,8.56
10208.jpg,1.53,5.97,5.3,5.93,5.57,2.1
10209.jpg,6.14,4.73,4.92,5.31,5.9,6.81
10210.jpg,8.17,7.95,8.1,8.11,8.24,8.39
10211.jpg,5.84,4.45,5.58,5.54,8.14,6.83
10212.jpg,6.27,5.98,7.37,6.84,6.63,6.26
10213.jpg,3.7,6.5,6.9,6.36,5.77,2.44
10214.jpg,3.29,5.03,5.95,4.94,3.87,1.79
10215.jpg,2.65,6.5,6.62,6.86,6.04,0.57
10216.jpg,7.9,7.12,8.2,7.86,8.11,8.26
10217.jpg,6.39,6.08,7.02,6.84,6.01,6.63
10218.jpg,5.67,5.02,5.62,5.16,6.6,5.37
10219.jpg,2.5,5.67,4.92,5.4,4.04,1.04
10220.jpg,2.97,6.47,5.8,6.27,4.33,1.59
10221.jpg,6.63,5.9,6.22,6.21,6.2,6.37
10222.jpg,4.5,6.32,5.8,6.13,6.0,3.14
10223.jpg,2.8,6.17,6.88,6.43,4.77,2.13
10224.jpg,1.11,1.72,2.2,1.92,2.45,0.84
10225.jpg,7.67,7.82,7.28,7.7,7.51,7.5
10226.jpg,7.41,6.63,7.05,7.09,7.77,7.84
10227.jpg,8.01,7.85,7.87,8.0,8.58,8.9
10228.jpg,7.01,7.17,7.27,6.57,7.4,6.63
10229.jpg,7.17,5.65,7.2,7.01,7.96,6.91
10230.jpg,4.8,6.17,6.98,5.93,6.26,3.27
10231.jpg,3.54,6.78,7.3,6.77,5.1,1.99
10232.jpg,6.41,5.95,7.27,6.79,6.79,6.89
10233.jpg,1.96,2.15,2.95,2.37,0.98,2.74
10234.jpg,6.91,6.47,7.38,7.0,5.44,6.84
10235.jpg,4.51,4.27,3.93,4.56,5.7,5.6
10236.jpg,3.73,6.48,6.82,7.04,5.1,1.87
10237.jpg,4.44,7.07,7.23,7.21,6.61,2.8
10238.jpg,4.19,5.02,6.5,6.11,2.29,3.93
10239.jpg,2.66,6.3,5.75,6.16,3.41,2.13
10240.jpg,2.9,2.43,3.55,3.09,4.7,3.66
10241.jpg,3.61,2.85,4.31,4.13,3.58,2.81
10242.jpg,4.61,2.85,4.85,5.03,5.84,5.12
10243.jpg,6.25,5.09,6.26,6.39,6.12,5.85
10244.jpg,2.89,5.72,7.24,5.82,4.39,1.16
10245.jpg,5.09,5.03,5.95,5.61,5.05,5.29
10246.jpg,2.8,2.4,3.31,3.11,4.19,2.78
10247.jpg,6.04,4.04,4.97,5.78,6.69,6.06
10248.jpg,5.66,4.89,6.4,6.15,5.08,4.8
10249.jpg,7.11,7.43,6.49,7.08,6.61,6.94
10250.jpg,3.04,5.68,5.96,5.3,3.38,1.46
10251.jpg,2.35,3.88,3.99,3.89,2.09,2.34
10252.jpg,3.65,5.11,5.41,5.11,3.51,3.41
10253.jpg,5.84,5.79,5.84,6.24,5.3,5.64
10254.jpg,3.74,4.75,5.74,4.89,2.51,2.2
10255.jpg,6.85,5.99,6.98,6.89,7.23,7.12
10256.jpg,4.82,3.38,4.99,5.24,5.55,5.01
10257.jpg,6.48,6.2,7.13,6.39,7.01,7.11
10258.jpg,5.91,4.94,5.55,5.61,6.02,6.16
10259.jpg,7.18,6.65,7.95,7.75,6.6,7.39
10260.jpg,4.21,5.75,5.66,5.16,4.05,3.45
10261.jpg,2.14,0.99,3.14,2.42,4.08,3.96
10262.jpg,2.05,4.9,5.2,4.53,3.84,1.21
10263.jpg,5.06,4.06,5.4,4.45,6.29,5.86
10264.jpg,5.22,3.59,6.02,4.81,4.62,5.28
10265.jpg,2.89,1.66,3.89,3.04,2.3,3.4
10266.jpg,2.58,5.29,5.62,5.64,3.2,1.65
10267.jpg,8.2,7.02,7.94,7.99,7.55,8.01
10268.jpg,5.78,4.18,5.38,4.71,6.74,6.18
10269.jpg,7.78,7.34,7.69,7.42,7.56,8.3
10270.jpg,3.28,6.83,6.14,5.72,3.55,1.74
10271.jpg,7.19,5.99,6.68,6.51,6.72,7.32
10272.jpg,2.71,1.9,4.79,3.7,2.55,2.06
10273.jpg,7.91,8.05,8.1,8.4,7.72,8.63
10274.jpg,2.5,5.29,4.84,5.25,3.13,1.39
10275.jpg,5.81,6.2,7.33,6.52,5.78,5.04
10276.jpg,6.49,5.59,6.95,6.11,6.72,6.62
10277.jpg,2.61,4.75,5.66,5.14,4.11,1.84
10278.jpg,2.45,2.26,3.89,3.91,2.95,2.0
10279.jpg,3.24,6.16,5.08,5.64,4.42,2.05
10280.jpg,3.49,3.15,5.08,4.66,4.03,3.39
10281.jpg,4.2,4.78,5.6,5.15,3.72,4.05
10282.jpg,7.81,7.24,8.41,7.89,8.12,8.22
10283.jpg,6.39,6.51,6.84,6.91,7.12,5.78
10284.jpg,4.44,2.54,5.28,4.59,4.95,4.15
10285.jpg,2.79,4.8,5.5,5.14,4.6,1.74
10286.jpg,6.42,6.21,6.32,6.09,6.15,6.3
10287.jpg,4.62,3.57,5.39,5.64,3.1,4.75
10288.jpg,2.84,5.46,6.18,6.1,4.6,1.44
10289.jpg,7.12,7.26,7.88,7.36,7.05,7.42
10290.jpg,2.62,5.46,5.5,5.29,3.96,1.85
10291.jpg,7.64,7.45,8.26,7.74,7.55,8.31
10292.jpg,3.49,5.05,5.69,5.22,3.6,2.58
10293.jpg,4.71,4.06,5.26,5.3,5.84,5.55
10294.jpg,3.55,1.94,5.19,3.74,4.0,4.5
10295.jpg,3.54,6.29,6.08,5.66,4.06,2.46
10296.jpg,2.76,5.31,5.5,5.63,3.71,1.96
10297.jpg,6.87,6.04,6.76,6.89,6.81,7.09
10298.jpg,5.46,6.86,7.04,6.54,5.37,3.71
10299.jpg,3.33,5.16,6.33,5.71,4.14,2.21
10300.jpg,3.6,4.49,5.99,5.43,4.51,2.36
10301.jpg,2.79,5.33,6.1,5.61,4.53,1.91
10302.jpg,5.27,4.79,7.15,5.89,5.6,5.17
10303.jpg,7.4,7.94,7.67,8.09,7.28,7.37
10304.jpg,4.7,5.49,5.21,5.03,4.69,4.21
10305.jpg,2.44,2.33,3.7,2.4,3.47,2.63
10306.jpg,5.69,4.14,5.76,4.69,6.69,6.91
10307.jpg,5.09,6.59,7.16,7.67,3.64,4.69
10308.jpg,6.66,7.09,7.4,7.66,6.23,6.7
10309.jpg,5.26,5.99,6.19,6.8,5.31,4.54
10310.jpg,7.2,6.31,7.54,7.5,7.67,7.53
10311.jpg,5.56,4.99,5.81,5.26,6.24,6.01
10312.jpg,2.74,5.46,5.66,5.61,3.74,1.54
10313.jpg,4.13,5.13,5.71,5.66,5.21,3.36
10314.jpg,1.51,2.76,3.73,3.24,3.79,1.56
10315.jpg,3.91,5.83,5.73,5.81,4.79,2.66
10316.jpg,7.35,7.58,7.7,7.47,7.62,7.72
10317.jpg,5.79,6.11,6.81,5.9,4.84,5.73
10318.jpg,5.89,5.37,7.27,6.31,6.21,6.4
10319.jpg,2.51,2.0,3.24,2.73,5.11,3.07
10320.jpg,7.8,8.3,8.58,8.15,8.3,8.3
10321.jpg,6.8,5.64,6.76,6.37,5.89,6.6
10322.jpg,2.49,3.29,4.06,3.47,3.33,2.07
10323.jpg,7.71,6.47,7.77,7.3,7.69,7.9
10324.jpg,3.76,4.59,6.1,5.46,4.77,2.73
10325.jpg,8.97,7.46,8.63,7.94,8.31,8.33
10326.jpg,3.89,4.31,4.44,4.21,2.11,3.37
10327.jpg,3.87,5.93,6.13,5.56,4.89,2.23
10328.jpg,4.73,3.63,6.16,5.59,4.4,4.33
10329.jpg,5.09,6.03,6.93,6.66,4.71,4.07
10330.jpg,8.06,7.8,7.96,8.21,7.2,7.89
10331.jpg,3.83,5.54,6.19,5.6,4.79,2.16
10332.jpg,8.3,7.91,9.04,8.24,7.16,7.91
10333.jpg,3.84,6.3,6.41,6.29,3.41,3.11
10334.jpg,7.23,7.21,7.81,7.31,7.16,7.07
10335.jpg,3.83,6.01,6.3,6.31,3.99,2.23
10336.jpg,8.6,8.37,9.16,8.58,8.0,7.67
10337.jpg,1.27,1.6,2.22,2.07,2.2,1.66
10338.jpg,4.9,3.47,5.93,4.89,4.87,4.51
10339.jpg,6.36,5.59,7.07,6.9,6.57,6.77
10340.jpg,4.56,5.74,6.6,5.83,5.0,4.07
10341.jpg,5.84,7.0,7.31,6.69,6.77,5.74
10342.jpg,6.16,5.0,5.86,5.13,6.46,6.39
10343.jpg,6.84,6.36,7.33,6.2,6.44,7.01
10344.jpg,4.16,5.56,6.24,5.91,4.53,3.2
10345.jpg,1.8,5.8,5.91,5.11,4.77,1.5
10346.jpg,5.27,5.3,5.7,5.04,4.44,4.59
10347.jpg,5.94,6.34,6.54,6.44,5.46,5.36
10348.jpg,2.94,6.03,5.77,5.63,3.31,2.37
10349.jpg,6.99,5.27,7.88,6.23,6.91,6.99
10350.jpg,3.53,5.8,6.9,5.99,4.9,3.17
10351.jpg,8.66,8.86,9.13,8.7,8.6,8.86
10352.jpg,6.31,5.49,7.55,6.67,6.04,6.61
10353.jpg,8.6,8.36,8.77,8.33,8.63,8.59
10354.jpg,3.69,6.53,6.31,5.93,4.6,2.57
10355.jpg,8.94,8.26,9.18,8.37,9.24,8.6
10356.jpg,6.51,4.33,6.03,5.19,7.27,7.48
10357.jpg,2.57,3.96,3.43,3.91,4.56,1.28
10358.jpg,1.87,5.79,5.97,5.49,4.14,1.14
10359.jpg,7.03,5.09,6.89,6.06,7.94,7.29
10360.jpg,4.38,5.35,5.17,4.87,5.3,3.05
10361.jpg,7.55,7.25,7.68,7.6,7.0,7.35
10362.jpg,7.45,5.73,7.5,6.52,7.97,7.65
10363.jpg,7.23,7.67,8.48,8.23,7.92,6.4
10364.jpg,2.03,4.53,4.15,4.05,3.28,1.98
10365.jpg,2.9,5.33,5.85,6.0,5.97,2.17
10366.jpg,6.6,5.27,6.48,5.9,6.17,6.9
10367.jpg,2.82,3.33,4.67,3.62,5.2,2.55
10368.jpg,5.05,5.35,5.87,5.88,6.22,3.93
10369.jpg,3.12,4.22,6.17,5.12,5.3,2.58
10370.jpg,5.17,5.68,7.33,6.13,6.73,3.93
10371.jpg,3.72,5.75,6.45,5.65,5.35,3.22
10372.jpg,5.47,4.22,6.17,4.5,6.77,5.6
10373.jpg,3.07,5.43,6.6,5.53,4.47,2.08
10374.jpg,7.38,6.15,7.93,6.82,7.25,8.37
10375.jpg,2.57,5.58,5.77,4.97,5.0,1.94
10376.jpg,7.45,7.57,8.02,7.4,7.32,7.92
10377.jpg,7.22,5.98,7.22,6.45,7.3,7.77
10378.jpg,3.04,6.8,6.78,6.33,4.92,1.5
10379.jpg,3.07,6.02,5.78,5.58,5.2,2.33
10380.jpg,7.8,7.47,8.28,8.25,8.5,8.4
10381.jpg,3.68,6.88,7.6,6.97,5.43,3.02
10382.jpg,8.37,8.13,8.38,8.17,8.2,8.25
10383.jpg,6.62,6.13,6.78,6.72,7.75,6.97
10384.jpg,4.58,7.05,7.37,6.83,5.37,3.88
10385.jpg,6.78,6.18,7.17,7.03,7.18,7.52
10386.jpg,8.83,8.6,8.43,9.22,8.88,8.77
10387.jpg,5.97,5.53,6.02,5.7,6.4,5.68
10388.jpg,5.7,6.7,7.45,6.73,6.27,5.88
10389.jpg,1.88,6.25,6.43,6.43,4.68,1.87
10390.jpg,4.15,6.4,6.37,6.25,5.27,3.13
10391.jpg,4.17,6.82,7.43,6.55,6.37,3.35
10392.jpg,4.6,6.4,6.62,5.83,5.3,3.42
10393.jpg,4.0,4.63,6.55,5.2,4.27,2.98
10394.jpg,1.98,6.22,7.0,6.15,4.18,1.43
10395.jpg,2.82,6.38,6.03,5.98,4.53,2.55
10396.jpg,6.23,6.5,7.07,6.23,5.53,6.35
10397.jpg,3.93,6.07,6.23,6.18,4.53,2.88
10398.jpg,4.62,6.05,6.48,6.1,5.1,3.52
10399.jpg,3.5,6.45,6.87,6.1,5.25,2.7
10400.jpg,1.65,3.15,2.6,2.75,4.38,1.56
10401.jpg,4.5,6.7,6.5,6.16,2.86,4.72
10402.jpg,5.03,7.22,7.27,7.0,3.9,4.35
10403.jpg,7.3,5.85,6.32,6.47,5.72,7.75
10404.jpg,3.18,5.83,6.12,5.48,2.38,2.38
10405.jpg,1.27,4.6,4.73,4.27,0.55,1.03
10406.jpg,7.5,8.42,7.68,8.23,7.3,7.75
10407.jpg,0.86,3.7,3.5,1.67,2.95,0.45
10408.jpg,2.43,1.72,1.84,2.14,5.63,5.38
10409.jpg,1.83,5.09,4.1,4.6,2.1,0.55
10410.jpg,7.23,7.37,7.85,7.35,5.33,7.2
10411.jpg,2.23,5.22,4.97,4.07,2.08,0.88
10412.jpg,7.2,6.3,5.87,6.85,6.88,7.8
10413.jpg,1.77,4.52,4.55,4.4,2.65,0.8
10414.jpg,6.33,4.78,6.12,6.35,5.42,7.22
10415.jpg,5.6,4.93,4.48,5.1,3.98,7.78
10416.jpg,1.44,3.32,2.98,3.02,3.02,0.8
10417.jpg,7.28,6.87,6.37,7.13,6.58,7.92
10418.jpg,3.7,6.18,5.3,5.22,2.02,2.0
10419.jpg,4.17,5.42,6.03,4.82,2.97,3.02
10420.jpg,0.9,4.83,4.62,3.13,1.0,0.37
10421.jpg,2.1,2.62,3.32,3.07,1.54,2.4
10422.jpg,7.42,7.13,7.36,7.55,7.07,7.88
10423.jpg,8.33,6.7,7.2,7.18,7.45,8.85
10424.jpg,2.85,5.4,5.73,5.3,4.05,2.12
10425.jpg,6.27,6.08,6.72,6.48,4.7,6.68
10426.jpg,7.7,7.67,8.18,8.13,6.43,7.85
10427.jpg,3.88,5.3,6.3,6.1,4.27,4.18
10428.jpg,2.27,4.48,4.88,4.37,1.7,0.8
10429.jpg,7.22,7.12,7.17,6.87,6.52,7.7
10430.jpg,4.05,2.98,3.66,3.63,5.85,8.02
10431.jpg,4.45,3.93,2.78,3.75,4.03,5.4
10432.jpg,3.3,4.78,5.62,5.7,3.07,1.12
10433.jpg,1.73,5.0,3.47,4.57,1.0,0.8
10434.jpg,2.57,1.97,3.27,1.78,4.43,2.1
10435.jpg,1.34,4.93,3.77,3.5,1.42,0.73
10436.jpg,5.88,6.12,5.87,6.2,5.92,6.98
10437.jpg,5.38,6.38,6.33,6.38,4.63,6.95
10438.jpg,4.32,5.87,5.37,5.65,2.75,2.85
10439.jpg,2.98,4.88,5.1,4.6,2.18,1.85
10440.jpg,1.06,2.6,2.87,1.5,1.8,0.55
10441.jpg,6.48,6.7,6.82,6.87,5.0,6.68
10442.jpg,1.63,4.75,5.37,4.6,2.0,0.85
10443.jpg,7.53,7.47,7.5,7.28,7.07,7.82
10444.jpg,7.08,6.52,6.52,6.95,6.15,8.0
10445.jpg,7.85,6.96,7.6,7.2,7.16,7.65
10446.jpg,4.03,4.53,5.4,4.07,2.48,2.78
10447.jpg,2.62,4.57,4.73,5.0,2.15,1.42
10448.jpg,2.1,5.35,5.42,5.08,1.1,1.38
10449.jpg,3.17,4.07,4.67,4.18,2.7,2.65
10450.jpg,6.93,7.4,6.62,6.84,6.18,6.7
10451.jpg,3.53,3.13,3.62,3.42,1.73,3.45
10452.jpg,2.45,5.88,5.13,4.95,1.85,1.02
10453.jpg,5.77,5.12,6.35,4.98,4.3,7.15
10454.jpg,3.35,4.07,3.77,4.38,3.75,4.38
10455.jpg,1.62,4.8,4.8,4.13,2.35,0.85
10456.jpg,0.95,0.97,1.1,0.78,1.25,0.4
10457.jpg,2.42,5.63,4.83,5.15,2.03,3.05
10458.jpg,2.47,5.42,5.3,4.75,2.1,1.2
10459.jpg,5.58,4.43,5.0,4.97,5.65,7.32
10460.jpg,1.98,5.5,5.12,4.92,3.1,0.6
10461.jpg,2.45,5.08,4.67,4.62,1.45,1.05
10462.jpg,4.67,4.95,5.42,5.38,3.8,5.42
10463.jpg,8.08,7.67,7.3,8.43,7.35,8.5
10464.jpg,7.72,7.18,7.95,8.22,7.12,8.4
10465.jpg,2.92,4.65,4.27,4.57,2.87,2.78
10466.jpg,7.13,6.28,7.18,6.53,5.97,7.22
10467.jpg,7.87,7.23,7.88,7.35,6.97,8.62
10468.jpg,1.67,1.74,2.58,1.22,2.27,2.3
10469.jpg,7.05,6.57,7.18,7.25,6.12,7.65
10470.jpg,7.0,6.52,6.82,6.87,6.48,8.35
10471.jpg,7.42,6.03,7.13,6.87,7.13,7.98
10472.jpg,2.57,6.08,5.02,4.95,1.77,1.35
10473.jpg,3.85,4.65,4.63,5.07,2.68,3.3
10474.jpg,6.35,6.83,6.53,7.0,5.62,7.05
10475.jpg,2.33,6.33,5.23,5.88,2.22,1.38
10476.jpg,2.97,2.4,2.6,2.82,1.27,2.35
10477.jpg,4.9,3.75,3.83,3.85,3.42,5.85
10478.jpg,8.33,8.32,7.98,8.1,7.1,8.32
10479.jpg,7.65,6.9,7.37,7.38,6.42,7.22
10480.jpg,5.6,4.52,4.74,4.66,5.88,7.28
10481.jpg,1.09,4.81,4.07,4.23,3.23,0.87
10482.jpg,8.83,8.5,8.47,8.43,8.1,8.5
10483.jpg,2.78,5.75,5.73,5.27,2.8,1.8
10484.jpg,4.1,4.27,6.0,5.25,3.35,3.35
10485.jpg,5.35,5.4,5.73,5.38,5.12,5.08
10486.jpg,2.97,1.87,3.07,2.77,5.28,4.8
10487.jpg,6.63,5.37,6.4,6.33,7.02,6.92
10488.jpg,2.85,5.85,5.98,4.92,3.35,1.7
10489.jpg,2.92,6.02,6.3,5.2,3.45,1.37
10490.jpg,3.67,3.82,5.67,4.83,3.38,2.3
10491.jpg,0.98,4.95,5.28,4.25,3.58,0.38
10492.jpg,8.94,9.07,9.02,9.0,8.92,9.22
10493.jpg,6.7,6.43,7.68,7.18,5.95,7.22
10494.jpg,5.07,6.8,6.37,6.37,5.22,4.63
10495.jpg,4.83,6.52,6.92,6.25,5.3,4.15
10496.jpg,2.73,5.87,6.33,5.07,4.6,1.53
10497.jpg,3.37,2.97,5.08,4.0,4.43,4.6
10498.jpg,3.17,5.72,6.45,4.93,4.4,2.05
10499.jpg,4.95,6.22,6.12,5.57,4.87,3.43
10500.jpg,4.77,5.68,4.8,5.42,5.53,4.3
10501.jpg,5.75,5.58,5.85,6.17,5.95,5.9
10502.jpg,2.48,3.35,3.73,4.27,3.45,1.68
10503.jpg,3.58,2.65,3.95,3.98,4.27,4.63
10504.jpg,4.15,5.58,6.08,5.88,4.67,3.48
10505.jpg,8.93,8.85,8.8,8.82,8.77,9.1
10506.jpg,7.2,6.87,7.0,6.57,7.12,7.87
10507.jpg,8.48,8.22,8.67,7.83,8.43,8.58
10508.jpg,8.6,8.35,8.75,8.4,8.52,8.92
10509.jpg,3.95,2.52,4.95,4.73,5.37,5.17
10510.jpg,2.33,5.48,5.57,4.48,3.73,1.45
10511.jpg,2.83,6.07,5.97,4.92,4.1,2.03
10512.jpg,5.33,4.28,4.87,5.15,6.25,5.9
10513.jpg,8.72,8.43,8.4,8.32,7.98,8.68
10514.jpg,2.68,5.7,5.75,5.28,4.45,1.9
10515.jpg,5.25,5.28,5.6,5.8,5.37,6.55
10516.jpg,4.17,5.35,6.12,4.97,4.38,3.93
10517.jpg,7.38,7.63,7.22,7.18,7.55,8.03
10518.jpg,8.1,8.12,7.57,7.6,7.93,8.43
10519.jpg,7.18,6.47,6.4,6.8,7.55,8.07
10520.jpg,5.83,6.37,6.12,6.52,6.33,6.33
10521.jpg,6.75,5.57,7.0,6.67,7.55,7.85
10522.jpg,3.7,6.85,6.55,6.0,4.98,2.42
10523.jpg,7.87,7.03,7.6,7.4,7.88,7.98
10524.jpg,8.55,8.02,8.48,8.03,8.48,8.7
10525.jpg,8.02,7.02,8.02,7.42,8.02,8.67
10526.jpg,6.28,8.18,7.77,7.12,6.22,6.68
10527.jpg,7.82,7.33,7.85,7.17,7.55,7.35
10528.jpg,3.48,6.42,6.17,5.53,4.48,1.92
10529.jpg,3.03,4.57,5.87,5.53,3.95,1.8
10530.jpg,2.18,1.77,4.35,3.98,3.83,1.77
10531.jpg,3.82,5.2,5.95,5.77,4.43,2.37
10532.jpg,2.88,3.33,5.93,4.68,4.27,1.85
10533.jpg,7.7,7.87,7.62,7.53,7.68,8.12
10534.jpg,7.42,6.78,7.32,7.27,8.34,7.82
10535.jpg,3.23,5.67,6.65,5.47,4.73,3.03
10536.jpg,5.2,6.67,6.78,6.22,5.2,3.83
10537.jpg,6.32,6.07,6.37,6.2,5.62,7.05
10538.jpg,2.97,5.65,5.13,5.03,4.55,1.87
10539.jpg,8.97,8.45,8.55,8.48,8.72,8.85
10540.jpg,3.45,5.12,5.35,5.33,2.83,2.82
10541.jpg,8.38,8.1,8.28,8.37,8.38,8.43
10542.jpg,6.85,6.77,6.8,7.05,6.55,6.93
10543.jpg,5.93,6.97,6.67,7.17,5.83,4.42
10544.jpg,3.47,5.73,6.03,5.47,4.25,3.1
10545.jpg,2.9,6.02,6.22,5.5,4.23,2.03
10546.jpg,3.1,4.25,6.1,4.95,3.98,1.97
10547.jpg,2.67,2.4,4.05,4.35,3.47,2.52
10548.jpg,7.25,6.83,7.52,7.0,7.43,7.6
10549.jpg,8.23,7.57,7.98,7.43,8.18,8.38
10550.jpg,3.53,3.48,4.45,4.38,2.32,2.7
10551.jpg,8.88,8.68,8.63,8.78,8.6,8.95
10552.jpg,4.18,3.65,5.43,5.03,4.2,4.52
10553.jpg,2.42,4.97,4.5,4.23,2.52,2.08
10554.jpg,3.98,5.72,6.27,5.42,3.3,3.75
10555.jpg,3.82,5.27,6.25,4.87,4.27,3.58
10556.jpg,2.48,3.12,4.37,3.32,2.6,2.32
10557.jpg,3.13,4.35,4.88,4.62,3.43,2.63
10558.jpg,7.32,6.93,7.65,7.13,6.7,7.57
10559.jpg,2.43,4.23,5.2,4.07,3.08,1.65
10560.jpg,3.02,5.92,6.05,5.58,3.2,1.27
10561.jpg,2.79,4.34,5.49,4.65,1.89,1.59
10562.jpg,4.11,5.9,5.7,5.4,7.0,3.55
10563.jpg,2.73,4.13,5.26,3.94,2.15,1.48
10564.jpg,5.41,3.75,4.17,4.3,6.89,6.37
10565.jpg,1.39,4.36,3.83,3.76,3.44,0.88
10566.jpg,1.2,3.7,3.89,2.87,3.17,0.46
10567.jpg,2.27,4.16,4.53,3.69,3.07,0.88
10568.jpg,5.16,4.71,4.5,4.56,4.24,6.4
10569.jpg,3.96,5.74,5.31,4.66,3.73,3.35
10570.jpg,3.81,5.5,5.81,4.51,1.8,2.78
10571.jpg,2.83,5.26,5.46,4.89,2.71,0.82
10572.jpg,7.6,6.29,6.37,6.46,6.74,7.4
10573.jpg,1.73,4.11,4.07,3.4,2.84,0.95
10574.jpg,7.24,6.3,6.97,6.73,7.1,7.5
10575.jpg,2.41,4.76,4.79,4.31,4.06,1.33
10576.jpg,1.16,1.1,2.93,1.2,3.49,1.02
10577.jpg,6.31,6.09,6.73,6.13,6.34,7.38
10578.jpg,1.37,5.0,3.97,4.26,4.44,0.84
10579.jpg,5.26,5.09,5.9,5.24,6.56,5.98
10580.jpg,5.47,6.44,6.41,6.33,4.56,5.28
10581.jpg,2.93,4.63,5.06,5.1,3.57,2.03
10582.jpg,2.07,4.4,4.31,4.04,4.36,1.3
10583.jpg,1.59,1.25,1.38,1.1,2.2,2.2
10584.jpg,7.4,6.84,6.74,6.97,7.59,7.25
10585.jpg,1.44,3.74,2.5,3.56,3.56,0.5
10586.jpg,2.93,3.54,4.6,3.6,5.04,3.1
10587.jpg,5.93,4.21,5.43,4.8,6.47,7.35
10588.jpg,3.74,1.74,3.53,2.21,3.78,6.0
10589.jpg,4.1,4.16,4.2,4.27,6.3,5.15
10590.jpg,3.64,3.14,2.99,2.4,5.49,4.47
10591.jpg,1.67,3.6,3.33,3.51,2.54,1.02
10592.jpg,1.42,4.4,4.56,4.26,3.13,0.78
10593.jpg,1.94,4.17,4.1,3.89,1.74,1.42
10594.jpg,2.67,4.13,4.13,4.2,2.44,2.95
10595.jpg,3.33,5.39,5.14,5.54,3.03,2.32
10596.jpg,2.61,4.13,4.83,4.47,2.15,1.45
10597.jpg,1.37,1.87,1.78,1.6,4.0,2.52
10598.jpg,2.01,3.46,3.8,3.11,2.23,1.53
10599.jpg,1.64,4.67,3.5,4.44,1.53,0.77
10600.jpg,2.41,1.67,1.93,1.56,4.31,1.9
10601.jpg,2.64,3.7,3.07,2.43,3.43,2.42
10602.jpg,7.9,6.86,7.31,7.56,8.23,8.13
10603.jpg,3.31,5.57,5.31,5.94,4.84,1.87
10604.jpg,6.19,5.69,5.83,5.71,6.41,6.42
10605.jpg,2.51,4.49,4.41,4.3,3.6,1.87
10606.jpg,6.44,6.74,7.23,7.03,7.13,6.82
10607.jpg,4.9,6.24,5.81,6.34,4.99,4.18
10608.jpg,1.9,4.84,5.41,5.21,3.7,1.07
10609.jpg,7.16,6.86,6.67,6.26,7.04,7.12
10610.jpg,2.73,5.0,3.62,5.14,3.1,1.42
10611.jpg,6.86,6.26,7.01,6.83,7.0,7.52
10612.jpg,1.94,6.13,5.87,7.12,5.04,0.95
10613.jpg,1.84,4.01,3.54,3.97,2.53,1.18
10614.jpg,2.36,3.22,3.67,3.53,1.29,2.85
10615.jpg,3.31,4.06,3.7,3.51,3.36,3.27
10616.jpg,4.17,3.97,5.06,3.73,4.56,5.1
10617.jpg,6.71,6.41,7.24,6.74,6.64,6.5
10618.jpg,4.1,3.33,3.19,3.2,4.5,4.88
10619.jpg,3.99,5.86,6.8,5.5,5.57,3.12
10620.jpg,1.6,1.89,1.82,1.17,3.04,2.08
10621.jpg,3.04,5.31,5.37,5.21,3.64,2.33
10622.jpg,1.15,3.93,2.47,2.91,2.07,1.08
10623.jpg,5.13,4.0,4.79,3.81,5.5,5.87
10624.jpg,1.2,2.8,1.87,1.65,1.23,1.1
10625.jpg,1.07,3.74,3.8,3.99,2.4,1.13
10626.jpg,4.26,5.21,5.36,5.47,4.27,3.18
10627.jpg,2.13,4.27,4.09,4.11,2.99,1.85
10628.jpg,4.9,3.57,4.09,3.96,5.61,5.05
10629.jpg,1.72,4.54,4.59,4.61,3.63,1.48
10630.jpg,3.07,4.83,4.59,4.9,3.23,2.53
10631.jpg,5.04,5.03,3.99,4.57,4.7,5.0
10632.jpg,1.45,3.54,1.58,3.27,2.15,0.83
10633.jpg,2.39,4.93,4.23,4.83,3.21,2.08
10634.jpg,1.09,1.03,1.42,1.14,2.29,0.73
10635.jpg,7.64,7.26,7.01,7.06,7.5,8.16
10636.jpg,6.76,6.86,6.86,6.61,6.9,6.5
10637.jpg,1.28,4.44,4.03,3.93,3.03,0.56
10638.jpg,1.64,3.46,3.69,3.24,2.89,1.1
10639.jpg,8.91,8.6,8.8,8.95,9.26,8.57
10640.jpg,2.8,5.13,4.83,5.13,2.73,2.05
10641.jpg,2.14,4.1,4.9,3.95,2.28,1.43
10642.jpg,7.36,5.27,6.03,6.31,6.5,7.57
10643.jpg,7.03,6.09,6.46,6.39,6.34,7.1
10644.jpg,5.6,4.34,4.93,4.7,4.73,5.98
10645.jpg,1.49,1.26,3.19,1.83,2.58,0.75
10646.jpg,6.2,5.23,6.97,5.36,6.19,6.22
10647.jpg,8.41,8.07,8.24,8.16,8.47,7.87
10648.jpg,6.46,4.59,6.1,4.86,6.63,7.13
10649.jpg,8.44,7.57,7.5,7.71,8.23,8.28
10650.jpg,3.97,1.62,2.34,2.2,5.64,5.15
10651.jpg,8.26,7.73,7.63,7.69,8.46,8.25
10652.jpg,3.6,2.04,3.32,2.88,4.26,3.72
10653.jpg,6.01,4.56,5.23,5.33,7.11,6.83
10654.jpg,3.71,6.85,5.5,6.63,4.36,1.28
10655.jpg,6.07,5.34,6.23,5.2,6.18,6.55
10656.jpg,5.71,3.9,4.66,4.21,6.53,6.87
10657.jpg,2.63,3.38,3.66,3.61,3.87,2.13
10658.jpg,1.34,0.62,1.3,1.65,4.13,3.48
10659.jpg,6.2,7.24,6.91,6.89,5.86,5.82
10660.jpg,1.91,1.55,1.44,1.53,2.97,1.95
10661.jpg,7.64,6.54,6.07,6.79,8.33,7.62
10662.jpg,4.63,3.26,4.63,4.66,5.59,5.65
10663.jpg,8.17,7.81,7.97,7.94,8.46,8.48
10664.jpg,3.1,5.17,3.81,4.41,3.39,1.32
10665.jpg,3.71,1.99,3.69,2.76,3.8,4.0
10666.jpg,3.23,5.06,4.79,5.24,4.29,1.68
10667.jpg,3.31,5.64,5.53,5.64,3.7,1.0
10668.jpg,2.89,3.73,5.0,4.13,3.23,1.62
10669.jpg,2.86,5.54,5.11,5.17,3.76,0.98
10670.jpg,7.63,6.71,7.95,7.46,7.79,8.23
10671.jpg,4.39,3.23,4.51,3.7,5.24,5.32
10672.jpg,8.57,8.2,8.13,8.33,8.63,8.62
10673.jpg,2.6,2.34,1.8,2.47,4.27,2.23
10674.jpg,7.67,7.33,7.4,7.88,7.7,7.84
10675.jpg,7.16,6.37,6.4,6.69,7.57,7.85
10676.jpg,3.0,5.83,6.09,5.66,4.86,1.37
10677.jpg,6.66,4.9,6.14,5.39,7.13,7.75
10678.jpg,7.5,6.84,6.93,7.01,7.69,7.8
10679.jpg,2.69,5.29,5.16,4.79,3.69,0.66
10680.jpg,2.81,4.64,4.66,3.53,3.06,1.5
10681.jpg,3.47,4.34,5.51,4.77,3.27,1.78
10682.jpg,4.29,4.57,2.55,4.33,3.73,5.17
10683.jpg,6.96,4.97,6.54,6.77,7.33,8.1
10684.jpg,7.33,6.44,6.51,5.97,7.53,7.82
10685.jpg,2.41,3.64,4.76,4.46,2.97,0.95
10686.jpg,2.46,2.69,4.77,4.13,1.86,0.87
10687.jpg,8.04,8.42,8.03,7.4,8.07,8.47
10688.jpg,7.94,7.07,6.67,7.33,6.93,7.4
10689.jpg,8.57,8.1,7.89,8.36,8.87,8.5
10690.jpg,6.43,4.8,5.87,5.9,7.44,7.64
10691.jpg,2.91,5.2,5.01,5.07,3.46,1.68
10692.jpg,2.29,4.93,4.54,4.24,2.71,1.05
10693.jpg,7.57,7.13,7.27,6.76,7.44,8.2
10694.jpg,4.24,3.21,4.61,3.9,5.31,4.92
10695.jpg,4.77,3.51,3.8,3.56,5.41,5.38
10696.jpg,4.76,5.89,4.79,6.01,5.0,3.85
10697.jpg,2.37,4.56,4.83,5.09,1.97,0.7
10698.jpg,4.86,2.31,3.64,2.7,5.6,6.4
10699.jpg,5.79,5.03,5.71,5.24,5.46,5.02
10700.jpg,3.5,4.64,4.86,4.63,3.61,1.28
10701.jpg,2.66,4.99,5.34,4.74,3.93,0.78
10702.jpg,6.5,5.87,5.41,5.79,7.04,6.72
10703.jpg,6.87,6.01,6.43,6.13,7.66,7.48
10704.jpg,7.93,6.67,7.67,7.46,8.2,8.57
10705.jpg,3.56,5.34,4.99,5.63,4.29,1.9
10706.jpg,4.01,5.81,5.74,5.23,4.94,2.77
10707.jpg,3.19,5.49,5.43,4.67,3.84,1.37
10708.jpg,7.89,7.21,7.37,7.54,8.1,8.23
10709.jpg,2.9,5.96,5.97,5.94,3.8,1.0
10710.jpg,6.76,7.23,7.4,7.41,6.93,6.73
10711.jpg,5.22,3.61,4.01,4.2,6.21,6.15
10712.jpg,3.47,5.43,5.53,5.06,4.54,1.47
10713.jpg,8.21,8.0,7.67,8.42,8.21,8.52
10714.jpg,8.14,7.74,7.45,7.69,8.29,7.97
10715.jpg,3.51,5.7,5.21,5.23,3.49,2.23
10716.jpg,6.91,6.43,8.07,6.63,7.21,6.08
10717.jpg,3.09,4.94,4.5,4.7,3.93,1.62
10718.jpg,6.52,4.72,5.5,5.44,6.4,6.24
10719.jpg,3.72,3.22,5.04,4.54,2.16,2.56
10720.jpg,3.54,3.5,4.92,4.74,3.22,2.08
10721.jpg,3.1,5.16,6.19,5.29,3.81,1.59
10722.jpg,3.49,3.69,4.7,3.53,3.36,2.84
10723.jpg,4.1,5.23,5.67,4.93,4.39,3.4
10724.jpg,9.05,8.67,8.81,8.76,8.83,8.74
10725.jpg,2.91,6.4,5.8,5.54,4.29,1.94
10726.jpg,4.79,4.29,5.27,4.61,6.49,4.83
10727.jpg,4.31,2.51,4.63,3.07,5.59,4.73
10728.jpg,0.82,1.53,1.78,2.37,2.6,0.62
10729.jpg,8.47,8.16,8.6,8.56,8.91,8.51
10730.jpg,2.19,4.39,3.96,4.47,2.77,1.21
10731.jpg,3.54,3.51,4.13,3.73,3.84,4.14
10732.jpg,1.87,5.07,4.27,4.47,3.57,1.14
10733.jpg,3.86,4.51,5.64,4.5,5.37,2.2
10734.jpg,3.27,2.77,4.0,3.07,3.76,2.86
10735.jpg,2.0,4.01,3.91,3.59,3.07,1.1
10736.jpg,3.41,6.83,6.81,6.53,6.21,1.53
10737.jpg,4.46,4.97,6.0,5.73,6.03,4.59
10738.jpg,6.41,5.33,7.04,5.49,5.29,7.07
10739.jpg,3.26,5.94,5.96,4.63,3.53,1.9
10740.jpg,4.87,3.64,5.41,3.83,6.4,4.76
10741.jpg,5.68,4.86,5.71,5.31,5.2,5.79
10742.jpg,6.9,7.2,7.37,7.29,6.23,7.26
10743.jpg,3.66,6.5,6.14,5.53,3.27,1.93
10744.jpg,4.44,3.4,4.71,3.87,5.09,4.36
10745.jpg,6.01,6.69,6.83,6.41,5.59,5.97
10746.jpg,5.64,4.31,6.26,5.0,6.01,6.43
10747.jpg,4.5,4.37,5.8,4.73,4.63,3.29
10748.jpg,5.3,4.53,6.43,5.07,5.67,4.84
10749.jpg,5.07,4.71,6.29,5.16,4.26,4.91
10750.jpg,2.56,1.57,2.46,1.56,4.69,3.36
10751.jpg,7.11,6.33,8.26,6.81,8.03,7.57
10752.jpg,7.09,6.39,8.34,7.2,8.07,7.46
10753.jpg,6.49,7.03,7.46,7.19,7.17,5.59
10754.jpg,2.36,3.1,3.24,3.14,3.97,1.23
10755.jpg,4.06,3.5,3.98,3.73,4.09,4.09
10756.jpg,3.86,3.37,4.11,3.37,4.14,4.14
10757.jpg,2.0,1.71,3.34,1.47,4.09,1.07
10758.jpg,3.17,5.23,5.97,5.16,4.29,2.24
10759.jpg,1.25,0.92,1.87,0.59,2.85,1.27
10760.jpg,5.33,4.43,6.44,5.03,6.41,6.34
10761.jpg,5.61,5.61,6.16,6.01,6.65,6.13
10762.jpg,6.17,6.19,6.89,6.26,5.49,5.63
10763.jpg,5.31,4.61,6.59,5.06,6.73,5.83
10764.jpg,5.21,4.59,6.14,5.0,5.56,4.8
10765.jpg,3.8,4.54,5.74,5.06,4.93,2.43
10766.jpg,2.4,2.41,4.06,3.6,3.47,1.73
10767.jpg,3.29,6.7,6.45,7.1,6.11,1.13
10768.jpg,4.43,6.03,7.34,6.01,6.58,3.39
10769.jpg,5.16,4.66,5.7,5.3,5.47,5.13
10770.jpg,3.86,4.09,4.64,4.21,2.67,2.39
10771.jpg,5.57,5.04,5.46,5.31,5.96,5.93
10772.jpg,4.63,4.59,5.99,5.69,4.74,3.54
10773.jpg,6.4,6.2,7.92,7.4,6.37,5.73
10774.jpg,4.53,5.14,6.0,5.34,3.8,3.96
10775.jpg,5.41,4.96,5.86,5.23,5.73,5.43
10776.jpg,3.47,4.59,5.24,4.41,3.49,2.2
10777.jpg,6.6,6.8,7.63,7.06,7.29,5.93
10778.jpg,3.14,4.34,5.29,4.2,4.59,1.4
10779.jpg,3.96,5.37,5.84,5.1,6.23,2.7
10780.jpg,5.2,5.04,5.94,5.14,5.43,4.04
10781.jpg,4.29,3.86,5.9,4.31,5.49,5.09
10782.jpg,2.66,5.17,6.19,5.03,4.34,1.45
10783.jpg,1.66,2.19,4.14,1.74,3.13,1.04
10784.jpg,4.76,3.57,5.63,4.19,6.73,5.79
10785.jpg,6.64,6.03,7.0,6.96,7.59,7.57
10786.jpg,6.27,5.69,6.23,6.07,6.4,6.7
10787.jpg,5.99,4.97,6.49,5.97,7.1,6.71
10788.jpg,2.4,5.66,6.03,5.76,4.77,1.31
10789.jpg,3.74,5.71,5.73,6.06,5.03,2.04
10790.jpg,4.33,5.59,6.46,5.91,4.56,3.07
10791.jpg,2.99,5.33,5.53,5.36,4.01,1.64
10792.jpg,4.91,5.39,5.67,5.29,6.66,4.76
10793.jpg,3.5,4.76,5.73,4.39,5.37,3.49
10794.jpg,4.97,6.63,6.37,6.23,5.93,3.59
10795.jpg,4.3,3.93,5.37,4.5,6.19,4.63
10796.jpg,7.63,7.7,7.97,8.1,8.14,7.6
10797.jpg,3.49,3.43,4.4,3.86,3.75,2.8
10798.jpg,5.76,5.4,5.71,5.93,6.87,5.33
10799.jpg,3.76,6.61,6.23,6.4,5.9,2.09
10800.jpg,3.61,2.86,5.01,3.39,6.29,2.87
10801.jpg,7.71,7.5,7.59,7.4,7.71,7.29
10802.jpg,6.4,6.01,6.94,6.22,6.99,6.41
10803.jpg,2.91,4.46,4.9,4.03,4.12,1.88
10804.jpg,7.73,7.4,8.13,8.32,8.95,8.26
10805.jpg,2.76,4.19,4.26,3.5,3.23,1.92
10806.jpg,2.33,4.77,5.11,4.39,2.6,1.8
10807.jpg,5.87,6.51,6.9,6.66,6.38,6.39
10808.jpg,2.25,1.63,1.78,1.53,2.81,2.46
10809.jpg,7.21,7.87,7.96,7.35,7.52,6.7
10810.jpg,6.99,5.86,7.3,6.89,8.27,7.07
10811.jpg,3.2,4.77,5.49,4.09,2.53,1.71
10812.jpg,5.32,4.08,4.58,4.74,5.03,6.01
10813.jpg,5.44,3.86,6.26,4.4,5.82,5.6
10814.jpg,1.9,5.06,5.13,4.28,3.15,1.38
10815.jpg,2.79,5.64,5.7,4.46,3.64,1.27
10816.jpg,6.74,6.45,6.99,6.58,6.41,7.23
10817.jpg,2.77,5.17,5.01,4.77,3.07,1.7
10818.jpg,5.5,6.43,6.64,6.76,6.16,5.4
10819.jpg,5.93,5.86,6.91,6.16,5.67,6.43
10820.jpg,2.56,5.49,5.21,4.37,4.73,1.58
10821.jpg,7.5,7.09,7.47,7.01,7.83,7.51
10822.jpg,6.61,6.29,6.46,6.44,7.24,6.64
10823.jpg,7.54,7.64,8.01,7.71,8.1,8.1
10824.jpg,3.81,6.43,6.09,5.83,4.34,2.7
10825.jpg,1.98,5.39,4.56,4.64,3.53,1.49
10826.jpg,2.99,3.36,5.01,4.67,2.9,3.09
10827.jpg,2.8,3.77,4.43,3.56,2.99,1.76
10828.jpg,3.06,3.7,4.22,3.57,2.11,2.2
10829.jpg,3.33,5.5,4.57,5.03,2.64,1.8
10830.jpg,5.78,5.87,5.47,5.84,4.21,4.47
10831.jpg,7.64,7.5,7.61,7.34,7.74,7.57
10832.jpg,5.54,5.51,5.87,5.04,4.93,3.9
10833.jpg,1.63,4.17,4.54,2.81,1.8,0.7
10834.jpg,2.97,1.74,2.2,1.94,4.1,2.73
10835.jpg,5.1,5.23,5.87,4.7,5.3,5.31
10836.jpg,1.69,1.77,2.28,1.0,2.27,1.97
10837.jpg,3.35,5.73,5.33,5.08,2.57,1.57
10838.jpg,5.83,6.53,6.57,6.0,6.63,5.63
10839.jpg,5.57,6.22,6.55,6.28,4.62,5.22
10840.jpg,3.35,4.02,4.65,3.72,3.2,2.15
10841.jpg,2.08,4.13,4.42,3.32,2.58,2.2
10842.jpg,2.33,5.23,5.83,4.47,3.85,1.62
10843.jpg,4.17,5.98,6.23,5.92,5.5,3.17
10844.jpg,3.53,5.18,5.07,4.7,3.28,2.42
10845.jpg,1.72,1.88,2.37,1.98,2.27,1.82
10846.jpg,1.07,1.63,1.87,1.37,1.26,1.17
10847.jpg,8.23,7.8,8.22,8.18,8.02,8.38
10848.jpg,2.35,2.95,2.67,2.53,2.6,1.8
10849.jpg,3.05,3.13,2.72,2.25,3.68,2.6
10850.jpg,5.3,5.8,6.62,5.92,6.27,5.57
10851.jpg,3.15,4.7,4.55,3.37,2.73,2.25
10852.jpg,3.28,5.38,5.62,4.72,3.02,1.78
10853.jpg,2.93,6.27,5.09,4.49,2.67,1.76
10854.jpg,8.0,8.25,8.22,8.18,8.27,8.38
10855.jpg,3.6,4.48,4.37,4.18,3.58,2.08
10856.jpg,4.77,4.65,5.97,5.45,4.52,4.03
10857.jpg,6.6,6.05,7.13,6.37,7.4,7.55
10858.jpg,6.12,7.35,7.1,7.25,6.78,5.9
10859.jpg,2.6,6.14,5.04,4.16,2.99,1.59
10860.jpg,3.32,5.25,5.35,4.83,4.45,2.27
10861.jpg,5.45,7.03,7.0,6.98,5.72,4.72
10862.jpg,3.48,4.18,4.2,4.15,2.23,2.77
10863.jpg,3.25,5.25,5.1,5.03,2.93,2.17
10864.jpg,2.68,3.15,2.37,2.4,3.75,3.2
10865.jpg,3.75,4.52,3.38,3.4,3.65,4.07
10866.jpg,2.67,5.13,4.77,3.95,2.98,2.1
10867.jpg,8.0,7.32,7.82,7.68,8.33,8.48
10868.jpg,6.35,5.38,6.37,6.15,7.05,5.95
10869.jpg,3.25,4.28,4.32,3.8,2.93,2.02
10870.jpg,8.03,7.63,8.72,8.22,8.27,8.48
10871.jpg,3.5,3.57,4.12,4.15,4.25,3.22
10872.jpg,4.25,4.47,4.57,4.18,4.78,3.9
10873.jpg,7.07,7.0,7.93,7.75,7.67,8.02
10874.jpg,6.75,7.05,7.18,6.63,6.3,6.92
10875.jpg,6.78,6.82,7.4,7.02,7.12,7.4
10876.jpg,2.74,5.08,3.8,4.4,2.98,2.08
10877.jpg,3.98,4.16,4.32,4.16,3.84,4.38
10878.jpg,5.36,5.64,5.66,6.16,5.72,5.76
10879.jpg,1.82,2.14,2.58,2.1,1.96,1.52
10880.jpg,4.14,4.58,5.54,5.56,3.64,4.04
10881.jpg,7.74,6.9,8.01,8.11,8.32,8.26
10882.jpg,4.81,4.61,6.44,5.44,4.18,4.43
10883.jpg,1.26,6.33,6.1,5.1,3.73,1.37
10884.jpg,6.47,7.12,7.4,6.31,5.92,5.16
10885.jpg,8.65,8.63,8.76,8.51,8.57,8.06
10886.jpg,5.31,6.67,6.36,6.66,4.03,6.4
10887.jpg,3.01,6.2,6.8,6.91,5.52,2.61
10888.jpg,3.27,6.59,6.36,6.56,4.03,2.21
10889.jpg,2.49,5.84,5.59,6.04,3.67,1.8
10890.jpg,8.63,7.61,8.27,8.27,8.32,8.59
10891.jpg,6.24,6.09,6.31,6.84,4.28,6.51
10892.jpg,8.78,7.58,8.42,8.47,8.06,8.67
10893.jpg,4.17,5.52,6.23,6.4,5.28,3.99
10894.jpg,8.04,7.3,8.25,8.53,8.17,7.94
10895.jpg,4.76,6.27,6.1,6.21,2.58,5.37
10896.jpg,2.66,6.13,6.59,6.47,3.13,2.1
10897.jpg,2.16,6.4,6.23,6.34,3.47,1.8
10898.jpg,2.03,6.99,7.17,7.44,5.7,1.26
10899.jpg,1.9,5.84,6.39,6.19,5.23,1.19
10900.jpg,2.47,7.0,6.33,6.66,4.27,1.39
10901.jpg,2.17,3.83,2.16,2.86,2.38,2.44
10902.jpg,6.09,5.01,6.26,5.97,4.9,6.4
10903.jpg,7.9,7.47,8.39,7.66,8.27,8.77
10904.jpg,5.11,7.49,8.13,7.31,6.82,4.7
10905.jpg,8.3,8.33,8.6,8.5,8.6,8.17
10906.jpg,7.54,5.64,7.93,7.31,8.12,8.39
10907.jpg,6.47,5.2,6.13,6.49,6.6,6.71
10908.jpg,7.34,5.73,6.73,6.5,6.92,7.34
10909.jpg,3.01,7.02,6.53,6.0,4.32,1.44
10910.jpg,2.6,5.69,6.74,5.79,4.47,1.19
10911.jpg,2.29,6.33,6.74,6.17,4.57,1.4
10912.jpg,7.7,6.79,7.77,7.31,7.03,7.99
10913.jpg,5.09,6.0,6.6,6.33,5.73,5.93
10914.jpg,7.86,7.71,8.16,7.73,6.37,7.81
10915.jpg,3.91,3.29,5.33,5.41,6.18,5.39
10916.jpg,6.03,5.34,7.27,6.63,2.38,6.9
10917.jpg,2.04,6.2,6.51,6.49,4.3,1.27
10918.jpg,2.04,6.67,6.34,6.31,3.83,1.27
10919.jpg,7.56,6.73,7.04,6.56,7.9,7.93
10920.jpg,5.84,5.44,6.07,7.47,4.1,7.17
10921.jpg,4.56,4.97,7.33,6.34,2.72,4.76
10922.jpg,4.59,6.94,7.4,6.77,4.26,3.73
10923.jpg,1.96,6.79,6.76,7.33,4.35,1.5
10924.jpg,3.71,6.99,6.46,6.47,2.65,3.36
10925.jpg,7.06,6.96,6.87,8.03,6.1,7.75
10926.jpg,3.41,7.14,7.14,7.29,4.62,2.93
10927.jpg,4.84,5.51,6.34,6.24,5.22,5.09
10928.jpg,6.31,6.44,5.99,7.2,6.4,6.26
10929.jpg,4.19,6.73,6.2,6.93,5.48,3.84
10930.jpg,3.63,3.97,4.9,4.83,4.17,5.97
10931.jpg,8.09,7.49,8.45,7.81,8.12,8.26
10932.jpg,7.84,8.03,8.36,8.36,8.25,8.11
10933.jpg,1.2,7.06,6.51,6.49,3.92,0.98
10934.jpg,8.04,7.63,8.11,7.56,7.37,8.2
10935.jpg,6.81,6.6,6.91,6.8,7.07,6.4
10936.jpg,8.06,6.81,8.2,7.84,8.28,8.54
10937.jpg,5.55,6.73,7.1,6.86,3.18,6.41
10938.jpg,8.27,7.26,8.34,8.61,8.22,8.7
10939.jpg,7.79,7.64,8.34,8.4,7.35,8.7
10940.jpg,7.84,8.09,8.26,8.45,7.42,8.16
10941.jpg,5.96,7.97,7.67,7.4,6.35,5.5
10942.jpg,2.37,7.24,7.04,7.3,4.95,1.87
10943.jpg,7.87,7.64,8.25,7.09,6.87,8.3
10944.jpg,2.18,6.96,7.51,6.86,4.82,2.1
10945.jpg,2.43,6.21,7.23,6.09,3.77,2.03
10946.jpg,4.14,4.24,5.24,5.73,6.08,4.79
10947.jpg,2.48,6.43,7.13,6.41,5.88,1.74
10948.jpg,8.09,7.27,8.0,8.14,6.63,8.19
10949.jpg,9.07,8.92,8.47,8.61,8.36,9.15
10950.jpg,9.02,8.68,8.5,8.54,8.38,8.53
10951.jpg,4.0,7.43,7.1,7.39,4.6,4.03
10952.jpg,6.33,7.04,7.39,7.2,4.68,6.84
10953.jpg,4.83,5.84,7.6,7.11,5.05,4.57
10954.jpg,2.27,6.26,8.03,6.93,5.17,2.17
10955.jpg,7.73,7.61,7.73,8.04,8.32,8.2
10956.jpg,7.43,7.8,8.16,8.27,8.16,6.8
10957.jpg,8.3,8.14,8.44,9.18,8.6,8.48
10958.jpg,3.4,6.0,6.32,7.3,5.52,3.44
10959.jpg,2.53,5.2,6.6,6.88,4.52,2.49
10960.jpg,7.57,7.06,7.69,7.54,6.65,7.73
10961.jpg,2.74,6.37,7.09,5.47,4.29,1.7
10962.jpg,8.09,6.59,7.87,7.61,8.54,8.34
10963.jpg,1.92,7.24,7.58,5.63,5.07,1.23
10964.jpg,6.94,6.63,7.4,6.94,6.66,5.9
10965.jpg,2.56,6.33,5.72,5.0,5.51,0.93
10966.jpg,6.91,6.5,7.63,6.91,7.81,7.81
10967.jpg,5.07,7.07,7.82,6.26,5.4,4.41
10968.jpg,2.99,1.97,4.37,3.9,5.27,4.23
10969.jpg,7.27,5.91,5.87,6.71,8.07,8.11
10970.jpg,1.11,6.0,6.4,3.83,2.54,0.63
10971.jpg,2.16,6.54,7.12,5.17,4.7,1.06
10972.jpg,8.36,7.93,8.23,8.47,8.27,7.33
10973.jpg,7.31,6.44,7.27,6.14,8.09,8.26
10974.jpg,5.67,7.69,8.27,7.37,6.83,4.66
10975.jpg,2.41,7.41,8.01,5.11,5.36,0.7
10976.jpg,6.86,7.01,8.15,7.09,6.5,7.81
10977.jpg,7.74,7.14,8.61,7.82,8.05,8.47
10978.jpg,6.45,7.89,8.71,7.28,7.16,6.34
10979.jpg,2.99,2.83,2.4,4.16,4.49,2.33
10980.jpg,8.36,8.03,8.07,8.43,8.43,8.41
10981.jpg,5.46,7.69,8.45,7.29,5.96,3.34
10982.jpg,1.73,1.39,2.75,2.17,4.03,2.69
10983.jpg,7.2,6.4,7.72,6.89,6.14,6.83
10984.jpg,7.13,6.51,7.08,6.91,6.61,7.0
10985.jpg,3.81,1.86,2.98,2.41,6.23,4.63
10986.jpg,1.56,0.79,2.73,1.49,5.37,2.99
10987.jpg,3.47,6.5,8.02,5.66,4.27,2.47
10988.jpg,1.7,6.57,7.57,5.27,4.43,0.8
10989.jpg,5.49,5.93,7.02,5.69,6.47,5.41
10990.jpg,7.63,6.54,7.88,7.66,8.01,7.63
10991.jpg,3.04,5.97,7.2,6.11,4.9,1.64
10992.jpg,4.21,6.96,7.72,6.33,5.47,2.63
10993.jpg,8.19,7.93,8.1,8.13,8.09,8.17
10994.jpg,7.51,7.34,8.35,7.14,7.94,7.6
10995.jpg,8.29,8.5,8.9,8.26,8.46,8.36
10996.jpg,3.01,6.79,7.62,5.34,4.81,1.6
10997.jpg,3.66,7.88,8.33,6.13,6.27,2.67
10998.jpg,6.37,5.93,7.97,6.7,7.07,6.54
10999.jpg,7.36,6.1,7.97,7.3,7.73,7.47
11000.jpg,3.51,6.11,7.92,5.97,5.77,2.53
11001.jpg,2.07,0.9,3.25,2.09,6.74,2.08
11002.jpg,5.5,4.16,4.97,4.73,7.51,6.07
11003.jpg,2.66,1.59,3.57,2.74,6.93,4.21
11004.jpg,3.34,1.57,3.5,2.79,6.76,4.9
11005.jpg,1.66,3.33,5.17,4.1,2.71,1.53
11006.jpg,5.49,4.89,6.6,5.19,7.01,6.76
11007.jpg,4.51,7.8,7.92,5.76,5.09,2.51
11008.jpg,2.36,7.52,7.87,6.11,5.21,0.94
11009.jpg,7.27,6.49,6.68,6.96,7.97,6.94
11010.jpg,5.54,4.03,5.83,5.73,7.27,5.86
11011.jpg,3.89,6.86,7.32,6.34,5.71,1.94
11012.jpg,7.33,8.08,8.52,8.23,6.57,6.2
11013.jpg,5.99,6.04,7.28,6.97,6.26,5.11
11014.jpg,3.7,7.09,7.97,6.73,5.91,1.87
11015.jpg,7.36,7.1,8.15,7.69,7.76,7.76
11016.jpg,4.21,6.57,7.58,6.34,5.8,2.63
11017.jpg,2.99,6.77,7.52,6.43,5.04,1.81
11018.jpg,1.23,7.35,7.3,6.01,3.84,0.4
11019.jpg,4.77,7.67,7.7,6.59,5.19,3.64
11020.jpg,8.4,7.9,8.88,8.27,8.51,8.6
11021.jpg,6.7,5.61,5.92,6.1,7.57,7.23
11022.jpg,5.84,4.96,5.38,5.81,7.86,8.0
11023.jpg,2.73,1.6,4.02,3.0,6.63,5.61
11024.jpg,5.89,6.27,5.65,6.21,6.13,6.21
11025.jpg,8.57,7.97,8.66,7.89,8.53,8.5
11026.jpg,7.51,7.6,8.2,7.54,7.97,8.37
11027.jpg,3.91,6.51,7.73,6.83,5.89,2.44
11028.jpg,2.76,3.36,5.45,4.41,5.61,2.29
11029.jpg,0.77,3.74,4.67,3.3,3.47,0.75
11030.jpg,2.5,7.23,6.17,5.21,4.26,2.01
11031.jpg,3.3,6.14,7.02,5.3,5.19,2.93
11032.jpg,7.0,7.16,7.7,7.36,7.63,7.6
11033.jpg,5.33,6.74,6.75,6.77,3.67,5.67
11034.jpg,3.89,7.51,8.35,7.03,5.47,3.07
11035.jpg,6.49,5.57,7.58,7.13,6.83,7.2
11036.jpg,4.66,6.83,7.82,6.64,5.83,3.27
11037.jpg,5.6,4.96,5.82,5.17,7.06,6.79
11038.jpg,6.78,5.4,6.9,6.52,7.93,8.05
11039.jpg,2.0,6.28,7.58,6.0,5.5,0.73
11040.jpg,7.17,7.32,8.4,7.12,7.52,6.92
11041.jpg,1.76,5.54,4.88,4.36,3.56,0.94
11042.jpg,1.73,4.84,4.47,3.74,2.21,1.54
11043.jpg,8.73,8.5,8.42,8.57,8.04,8.57
11044.jpg,4.17,6.83,7.0,6.07,3.95,2.67
11045.jpg,3.33,6.27,6.65,5.52,3.35,2.12
11046.jpg,7.65,5.98,7.57,7.02,8.13,7.67
11047.jpg,3.38,6.53,6.25,5.18,4.17,3.18
11048.jpg,7.1,5.57,7.3,7.02,6.15,7.43
11049.jpg,2.34,4.15,4.27,3.18,2.62,1.52
11050.jpg,7.37,6.12,6.47,6.88,6.7,7.95
11051.jpg,2.75,5.25,5.08,4.22,3.13,2.37
11052.jpg,3.3,6.05,6.52,5.23,2.33,2.32
11053.jpg,7.77,5.73,6.55,7.28,7.85,8.1
11054.jpg,9.17,8.53,9.08,8.73,8.97,8.82
11055.jpg,7.93,8.35,9.23,7.82,8.32,7.77
11056.jpg,2.58,5.9,5.4,4.33,2.25,2.12
11057.jpg,6.63,4.6,6.12,5.68,7.48,7.2
11058.jpg,5.23,4.03,6.6,6.25,5.4,5.05
11059.jpg,2.0,1.92,3.67,1.95,2.67,2.12
11060.jpg,7.62,6.22,8.3,6.77,7.27,8.3
11061.jpg,8.45,7.53,7.83,8.2,8.7,8.86
11062.jpg,2.98,6.28,5.72,4.88,4.35,2.15
11063.jpg,2.98,6.92,6.53,5.47,4.03,1.68
11064.jpg,8.6,8.66,8.87,8.65,8.66,8.45
11065.jpg,6.83,6.78,6.93,6.92,6.37,6.6
11066.jpg,7.8,6.07,8.1,7.7,8.22,8.25
11067.jpg,4.6,4.5,4.53,4.77,4.63,4.86
11068.jpg,5.6,4.92,5.77,5.47,4.55,4.93
11069.jpg,7.17,7.38,7.73,7.47,7.03,6.42
11070.jpg,4.54,2.38,3.73,3.57,4.75,3.48
11071.jpg,3.82,5.23,6.52,4.97,3.43,1.93
11072.jpg,3.13,5.95,6.57,4.47,3.93,1.43
11073.jpg,1.23,3.05,3.6,2.2,2.04,1.08
11074.jpg,8.6,8.47,7.85,8.06,8.48,8.52
11075.jpg,6.03,5.63,6.97,6.3,6.92,5.68
11076.jpg,5.82,5.93,6.85,6.2,5.8,4.68
11077.jpg,6.07,4.9,6.25,5.67,6.03,5.67
11078.jpg,3.27,5.7,6.33,5.12,3.8,2.5
11079.jpg,2.72,5.67,6.22,4.58,3.52,1.95
11080.jpg,2.02,4.27,6.35,4.02,2.57,1.93
11081.jpg,7.2,5.15,7.73,7.07,8.22,7.9
11082.jpg,2.67,3.55,4.27,3.65,2.36,1.97
11083.jpg,1.93,5.23,5.52,3.57,2.18,1.38
11084.jpg,2.95,5.93,6.3,3.92,3.57,1.95
11085.jpg,2.3,4.92,6.52,3.65,3.22,1.82
11086.jpg,4.75,4.1,6.88,4.85,3.82,5.52
11087.jpg,5.34,4.27,6.08,4.68,4.48,5.22
11088.jpg,2.77,5.85,7.03,4.97,4.2,2.22
11089.jpg,6.78,5.07,7.27,6.5,7.65,7.23
11090.jpg,6.07,5.4,6.92,6.4,5.8,5.6
11091.jpg,1.86,5.7,6.33,4.32,3.38,1.47
11092.jpg,9.17,8.15,8.77,8.8,8.97,8.8
11093.jpg,1.77,6.25,6.13,4.67,4.17,1.57
11094.jpg,3.17,4.95,6.75,5.13,3.12,2.22
11095.jpg,3.12,5.25,6.17,4.83,2.68,2.1
11096.jpg,4.33,4.8,5.75,4.92,4.47,3.28
11097.jpg,7.13,6.28,7.92,6.8,7.48,6.72
11098.jpg,8.12,7.75,8.78,8.27,8.4,8.18
11099.jpg,2.97,4.82,5.45,4.0,3.25,1.67
11100.jpg,4.83,5.27,6.22,5.3,5.22,3.95
11101.jpg,6.95,5.28,7.08,6.12,7.58,6.43
11102.jpg,4.48,2.33,4.67,4.97,6.52,4.53
11103.jpg,6.28,5.4,6.68,5.67,5.4,5.45
11104.jpg,4.02,5.57,5.5,5.43,4.12,4.05
11105.jpg,3.49,6.63,6.37,6.43,3.47,2.56
11106.jpg,4.57,6.17,6.42,6.17,4.52,3.58
11107.jpg,1.05,2.13,3.67,2.12,3.43,0.73
11108.jpg,8.3,8.28,8.26,7.93,8.32,8.05
11109.jpg,4.42,6.28,6.22,5.75,5.47,3.33
11110.jpg,6.3,7.37,7.25,6.75,5.5,5.05
11111.jpg,7.3,6.73,7.47,7.45,7.3,7.07
11112.jpg,7.92,6.17,8.27,7.77,7.75,8.33
11113.jpg,4.22,5.07,4.9,4.9,2.9,3.88
11114.jpg,4.12,5.55,6.03,5.02,3.52,3.32
11115.jpg,4.12,5.78,6.28,5.67,5.43,2.75
11116.jpg,2.88,6.62,5.93,5.1,4.07,1.93
11117.jpg,3.37,6.07,5.93,4.87,4.08,1.98
11118.jpg,2.28,5.1,4.9,3.92,2.88,1.54
11119.jpg,5.54,3.54,5.8,5.12,6.44,5.56
11120.jpg,8.17,5.9,8.03,7.67,7.87,7.73
11121.jpg,2.82,5.02,4.53,5.08,4.8,1.44
11122.jpg,7.44,6.14,7.5,7.34,7.8,7.42
11123.jpg,5.38,5.4,6.88,5.66,5.04,5.32
11124.jpg,3.6,4.22,4.96,4.6,4.5,1.62
11125.jpg,1.08,3.02,4.34,3.46,3.22,0.85
